Year,Country,Continent,value
1896,Australia,Oceania,5
1896,Austria,Europe,8
1896,Denmark,Europe,15
1896,France,Europe,26
1896,Germany,Europe,94
1896,Greece,Europe,148
1896,Hungary,Europe,18
1896,Italy,Europe,1
1896,Sweden,Europe,5
1896,Switzerland,Europe,8
1976,Antigua,Americas,17
1984,Antigua,Americas,27
1900,Argentina,Americas,1
1900,Australia,Oceania,6
1900,Austria,Europe,26
1900,Belgium,Europe,100
1900,Brazil,Americas,3
1900,Canada,Americas,7
1900,Colombia,Americas,1
1900,Cuba,Americas,2
1900,Czech Republic,Europe,9
1900,Denmark,Europe,36
1900,France,Europe,1071
1900,Germany,Europe,103
1900,Greece,Europe,4
1900,Haiti,Americas,4
1900,Hungary,Europe,34
1900,India,Asia,5
1988,Antigua,Americas,25
1900,Italy,Europe,36
1900,Luxembourg,Europe,1
1900,Mexico,Americas,3
1900,Netherlands,Europe,73
1900,New Zealand,Oceania,1
1900,Norway,Europe,29
1900,Peru,Americas,2
1900,Romania,Europe,1
1992,Antigua,Americas,18
1900,Spain,Europe,12
1900,Sweden,Europe,27
1900,Switzerland,Europe,52
1996,Antigua,Americas,19
2000,Antigua,Americas,4
1904,Australia,Oceania,6
1904,Austria,Europe,7
1904,Canada,Americas,62
1904,Cuba,Americas,6
1904,France,Europe,2
1904,Germany,Europe,55
1904,Greece,Europe,17
1904,Hungary,Europe,9
1904,Italy,Europe,1
1904,Norway,Europe,6
1904,South Africa,Africa,8
1904,Switzerland,Europe,7
2004,Antigua,Americas,5
2008,Antigua,Americas,5
1908,Argentina,Americas,1
1908,Australia,Oceania,48
1908,Austria,Europe,13
1908,Belgium,Europe,99
1908,Canada,Americas,148
1908,Czech Republic,Europe,41
1908,Denmark,Europe,107
1908,Finland,Europe,94
1908,France,Europe,319
1908,Germany,Europe,148
1908,Greece,Europe,49
1908,Hungary,Europe,107
1908,Iceland,Europe,1
1908,Italy,Europe,97
1908,Netherlands,Europe,218
1908,Norway,Europe,103
2012,Antigua,Americas,4
1908,South Africa,Africa,33
1908,Sweden,Europe,276
1908,Switzerland,Europe,1
2016,Antigua,Americas,9
1936,Boliva,Americas,2
1912,Australia,Oceania,38
1912,Austria,Europe,132
1912,Belgium,Europe,72
1912,Canada,Americas,60
1912,Chile,Americas,28
1912,Czech Republic,Europe,74
1912,Denmark,Europe,233
1912,Finland,Europe,233
1912,France,Europe,232
1912,Germany,Europe,312
1912,Greece,Europe,77
1912,Hungary,Europe,207
1912,Iceland,Europe,2
1912,Italy,Europe,96
1912,Japan,Asia,4
1912,Luxembourg,Europe,44
1912,Netherlands,Europe,45
1912,Norway,Europe,263
1912,Poland,Europe,1
1912,Portugal,Europe,8
1964,Boliva,Americas,1
1912,Serbia,Europe,2
1912,South Africa,Africa,56
1912,Sweden,Europe,714
1912,Switzerland,Europe,7
1912,Turkey,Asia,7
1968,Boliva,Americas,4
1972,Boliva,Americas,14
1920,Argentina,Americas,1
1920,Australia,Oceania,29
1920,Belgium,Europe,518
1920,Brazil,Americas,38
1920,Canada,Americas,85
1920,Chile,Americas,2
1920,Czech Republic,Europe,182
1920,Denmark,Europe,246
1920,Egypt,Africa,22
1920,Estonia,Europe,20
1920,Finland,Europe,136
1920,France,Europe,452
1920,Greece,Europe,98
1920,India,Asia,7
1920,Italy,Europe,291
1920,Japan,Asia,26
1920,Luxembourg,Europe,35
1920,Monaco,Europe,7
1920,Netherlands,Europe,213
1920,New Zealand,Oceania,6
1920,Norway,Europe,267
1920,Portugal,Europe,40
1920,Serbia,Europe,15
1920,South Africa,Africa,97
1920,Spain,Europe,111
1920,Sweden,Europe,404
1920,Switzerland,Europe,126
1976,Boliva,Americas,5
1984,Boliva,Americas,13
1924,Argentina,Americas,109
1924,Australia,Oceania,60
1924,Austria,Europe,56
1924,Belgium,Europe,234
1924,Brazil,Americas,18
1924,Bulgaria,Europe,31
1924,Canada,Americas,83
1924,Chile,Americas,18
1924,Cuba,Americas,13
1924,Czech Republic,Europe,242
1924,Denmark,Europe,158
1924,Ecuador,Americas,4
1924,Egypt,Africa,30
1924,Estonia,Europe,47
1924,Finland,Europe,253
1924,France,Europe,636
1924,Greece,Europe,79
1924,Haiti,Americas,16
1924,Hungary,Europe,140
1924,India,Asia,24
1924,Ireland,Europe,60
1924,Italy,Europe,333
1924,Japan,Asia,37
1924,Latvia,Europe,47
1924,Lithuania,Europe,13
1924,Luxembourg,Europe,122
1924,Mexico,Americas,28
1924,Monaco,Europe,9
1924,Netherlands,Europe,246
1924,New Zealand,Oceania,6
1924,Norway,Europe,105
1924,Philippines,Asia,2
1924,Poland,Europe,100
1924,Portugal,Europe,47
1924,Romania,Europe,45
1988,Boliva,Americas,12
1924,Serbia,Europe,116
1924,South Africa,Africa,44
1924,Spain,Europe,151
1924,Sweden,Europe,256
1924,Switzerland,Europe,262
1924,Turkey,Asia,23
1992,Boliva,Americas,21
1996,Boliva,Americas,9
1924,Uruguay,Americas,40
1928,Argentina,Americas,98
1928,Australia,Oceania,29
1928,Austria,Europe,113
1928,Belgium,Europe,260
1928,Bulgaria,Europe,10
1928,Canada,Americas,113
1928,Chile,Americas,46
1928,Cuba,Americas,1
1928,Czech Republic,Europe,147
1928,Denmark,Europe,122
1928,Egypt,Africa,43
1928,Estonia,Europe,23
1928,Finland,Europe,132
1928,France,Europe,422
1928,Germany,Europe,399
1928,Greece,Europe,47
1928,Haiti,Americas,3
1928,Hungary,Europe,219
1928,India,Asia,24
1928,Ireland,Europe,44
1928,Italy,Europe,273
1928,Japan,Asia,56
1928,Latvia,Europe,24
1928,Lithuania,Europe,13
1928,Luxembourg,Europe,107
1928,Malta,Europe,9
1928,Mexico,Americas,55
1928,Monaco,Europe,12
1928,Netherlands,Europe,384
1928,New Zealand,Oceania,13
1928,Norway,Europe,79
1928,Panama,Americas,2
1928,Philippines,Asia,6
1928,Poland,Europe,146
1928,Portugal,Europe,39
1928,Romania,Europe,33
1928,Serbia,Europe,86
1928,South Africa,Africa,40
1928,Spain,Europe,106
1928,Sweden,Europe,139
1928,Switzerland,Europe,236
1928,Turkey,Asia,40
2000,Boliva,Americas,5
2004,Boliva,Americas,11
1928,Uruguay,Americas,17
1928,Zimbabwe,Africa,2
1932,Argentina,Americas,47
1932,Australia,Oceania,20
1932,Austria,Europe,33
1932,Belgium,Europe,69
1932,Brazil,Americas,67
1932,Bulgaria,Europe,2
1932,Canada,Americas,191
1932,China,Asia,2
1932,Colombia,Americas,2
1932,Cuba,Americas,3
1932,Czech Republic,Europe,44
1932,Denmark,Europe,94
1932,El Salvador,Americas,4
1932,Estonia,Europe,3
1932,Finland,Europe,66
1932,France,Europe,159
1932,Germany,Europe,202
1932,Greece,Europe,16
1932,Guatemala,Americas,1
1932,Haiti,Americas,3
1932,Hungary,Europe,118
1932,India,Asia,26
1932,Ireland,Europe,18
1932,Italy,Europe,154
1932,Japan,Asia,203
1932,Latvia,Europe,13
1932,Luxembourg,Europe,11
1932,Mexico,Americas,100
1932,Monaco,Europe,1
1932,Netherlands,Europe,80
1932,New Zealand,Oceania,29
1932,Norway,Europe,8
1932,Peru,Americas,3
1932,Philippines,Asia,8
1932,Poland,Europe,71
1932,Portugal,Europe,8
1932,Romania,Europe,2
1932,Serbia,Europe,1
1932,South Africa,Africa,20
1932,Spain,Europe,8
1932,Sweden,Europe,128
1932,Switzerland,Europe,9
1932,Turkey,Asia,2
2008,Boliva,Americas,7
2012,Boliva,Americas,5
1932,Uruguay,Americas,6
2016,Boliva,Americas,12
1936,Afghanistan,Asia,16
1936,Argentina,Americas,68
1936,Australia,Oceania,39
1936,Austria,Europe,363
1936,Belgium,Europe,205
1936,Bermuda,Americas,9
1996,Brunei,Asia,1
1936,Brazil,Americas,94
1936,Bulgaria,Europe,85
1936,Canada,Americas,167
1936,Chile,Americas,56
1936,China,Asia,65
1936,Colombia,Americas,6
1936,Costa Rica,Americas,1
1936,Czech Republic,Europe,293
1936,Denmark,Europe,173
1936,Egypt,Africa,66
1936,Estonia,Europe,36
1936,Finland,Europe,186
1936,France,Europe,303
1936,Germany,Europe,581
1936,Greece,Europe,64
1936,Hungary,Europe,335
1936,Iceland,Europe,13
1936,India,Asia,30
1936,Italy,Europe,349
1936,Japan,Asia,325
1936,Latvia,Europe,33
1936,Liechtenstein,Europe,8
1936,Luxembourg,Europe,129
1936,Malta,Europe,11
1936,Mexico,Americas,32
1936,Monaco,Europe,11
1936,Netherlands,Europe,227
1936,New Zealand,Oceania,9
1936,Norway,Europe,84
1936,Peru,Americas,46
1936,Philippines,Asia,40
1936,Poland,Europe,177
1936,Portugal,Europe,26
1936,Romania,Europe,118
1936,Serbia,Europe,173
1936,South Africa,Africa,54
1936,Sweden,Europe,231
1936,Switzerland,Europe,328
1936,Turkey,Asia,62
2000,Brunei,Asia,2
2004,Brunei,Asia,1
1936,Uruguay,Americas,40
1948,Afghanistan,Asia,25
1948,Argentina,Americas,295
1948,Australia,Oceania,103
1948,Austria,Europe,239
1948,Belgium,Europe,182
1948,Bermuda,Americas,28
1948,Brazil,Americas,105
1948,Canada,Americas,188
1948,Chile,Americas,72
1948,China,Asia,33
1948,Colombia,Americas,11
1948,Cuba,Americas,112
1948,Czech Republic,Europe,153
1948,Denmark,Europe,253
1948,Egypt,Africa,166
1948,Finland,Europe,215
1948,France,Europe,433
1948,Greece,Europe,97
1948,Guyana,Americas,7
1948,Hungary,Europe,222
1948,Iceland,Europe,27
1948,India,Asia,89
2012,Brunei,Asia,3
1948,Iraq,Asia,13
1948,Ireland,Europe,83
1948,Italy,Europe,310
1948,Jamaica,Americas,26
1948,Lebanon,Asia,9
1948,Liechtenstein,Europe,2
1948,Luxembourg,Europe,115
1948,Malta,Europe,1
1948,Mexico,Americas,149
1948,Monaco,Europe,4
1948,Myanmar,Asia,5
1948,Netherlands,Europe,187
1948,New Zealand,Oceania,8
1948,Norway,Europe,97
1948,Pakistan,Asia,44
1948,Panama,Americas,2
1948,Peru,Americas,49
1948,Philippines,Asia,31
1948,Poland,Europe,52
1948,Portugal,Europe,65
1948,Puerto Rico,Americas,9
1948,Serbia,Europe,162
1948,Singapore,Asia,1
1948,South Africa,Africa,43
2016,Brunei,Asia,3
1948,Spain,Europe,84
1948,Sri Lanka,Asia,10
1948,Sweden,Europe,223
1948,Switzerland,Europe,287
1996,Cape Verde,Africa,3
2000,Cape Verde,Africa,2
1948,Turkey,Asia,87
2004,Cape Verde,Africa,3
2008,Cape Verde,Africa,2
1948,Uruguay,Americas,79
2012,Cape Verde,Africa,3
1952,Argentina,Americas,174
1952,Australia,Oceania,140
1952,Austria,Europe,238
1952,Bahamas,Americas,7
1952,Belgium,Europe,184
1952,Bermuda,Americas,12
1952,Brazil,Americas,119
1952,Bulgaria,Europe,179
1952,Canada,Americas,154
1952,Chile,Americas,82
1952,China,Asia,10
1952,Cuba,Americas,57
2016,Cape Verde,Africa,5
1952,Czech Republic,Europe,218
1952,Denmark,Europe,201
1952,Egypt,Africa,196
1952,Finland,Europe,412
1952,France,Europe,408
1952,Germany,Europe,458
1952,Ghana,Africa,9
1952,Greece,Europe,54
1952,Guatemala,Americas,35
1952,Guyana,Americas,1
1952,Hungary,Europe,345
1952,Iceland,Europe,18
1952,India,Asia,94
1952,Indonesia,Asia,3
1952,Curacao,Americas,11
1952,Ireland,Europe,25
1952,Israel,Asia,31
1952,Italy,Europe,376
1952,Jamaica,Americas,16
1952,Japan,Asia,133
1952,Lebanon,Asia,9
1952,Liechtenstein,Europe,2
1952,Luxembourg,Europe,101
1952,Mexico,Americas,85
1952,Monaco,Europe,10
1952,Myanmar,Asia,5
1952,Netherlands,Europe,180
1952,New Zealand,Oceania,20
1952,Nigeria,Africa,15
1952,Norway,Europe,190
1952,Pakistan,Asia,51
1952,Panama,Americas,1
1952,Philippines,Asia,28
1952,Poland,Europe,248
1952,Portugal,Europe,155
1952,Puerto Rico,Americas,23
1952,Romania,Europe,241
1960,Curacao,Americas,5
1952,Serbia,Europe,194
1952,Singapore,Asia,7
1952,South Africa,Africa,109
1964,Curacao,Americas,4
1952,Spain,Europe,42
1952,Sri Lanka,Asia,7
1952,Sweden,Europe,355
1952,Switzerland,Europe,251
1952,Thailand,Asia,15
1968,Curacao,Americas,5
1952,Turkey,Asia,58
1972,Curacao,Americas,2
1976,Curacao,Americas,4
1952,Uruguay,Americas,42
1984,Curacao,Americas,13
1988,Curacao,Americas,4
1956,Afghanistan,Asia,12
1956,Argentina,Americas,44
1956,Australia,Oceania,412
1956,Austria,Europe,57
1956,Bahamas,Americas,5
1956,Belgium,Europe,82
1956,Bermuda,Americas,3
1956,Brazil,Americas,63
1956,Bulgaria,Europe,82
1956,Cambodia,Asia,2
1956,Canada,Americas,150
1956,Chile,Americas,43
1956,China,Asia,4
1956,Colombia,Americas,47
1956,Cuba,Americas,24
1956,Czech Republic,Europe,161
1956,Denmark,Europe,51
1956,Egypt,Africa,6
1956,Ethiopia,Africa,30
1956,Fiji,Oceania,5
1956,Finland,Europe,147
1956,France,Europe,227
1956,Germany,Europe,261
1956,Greece,Europe,16
1956,Guyana,Americas,6
1956,Hungary,Europe,197
1956,Iceland,Europe,2
1956,India,Asia,79
1956,Indonesia,Asia,24
1992,Curacao,Americas,4
1956,Ireland,Europe,25
1956,Israel,Asia,3
1956,Italy,Europe,207
1956,Jamaica,Americas,13
1956,Japan,Asia,222
1956,Kenya,Africa,31
1956,Liberia,Africa,11
1956,Luxembourg,Europe,27
1956,Malaysia,Asia,36
1956,Mexico,Americas,36
1956,Myanmar,Asia,12
1956,Netherlands,Europe,1
1956,New Zealand,Oceania,57
1956,Nigeria,Africa,14
1956,Norway,Europe,29
1956,Pakistan,Asia,79
1956,Peru,Americas,10
1956,Philippines,Asia,48
1956,Poland,Europe,118
1956,Portugal,Europe,18
1956,Puerto Rico,Americas,14
1956,Romania,Europe,103
1996,Curacao,Americas,7
1956,Serbia,Europe,37
1956,Singapore,Asia,52
1956,South Africa,Africa,90
2000,Curacao,Americas,8
1956,Spain,Europe,12
1956,Sri Lanka,Asia,3
1956,Sweden,Europe,186
1956,Switzerland,Europe,18
2004,Curacao,Americas,3
1956,Thailand,Asia,40
2008,Curacao,Americas,4
1956,Turkey,Asia,28
1968,Democratic Republic of the Congo,Africa,8
1984,Democratic Republic of the Congo,Africa,9
1956,Uganda,Africa,5
1956,Uruguay,Americas,29
1988,Democratic Republic of the Congo,Africa,21
1992,Democratic Republic of the Congo,Africa,19
1960,Afghanistan,Asia,16
1960,Argentina,Americas,116
1960,Australia,Oceania,280
1960,Austria,Europe,198
1960,Bahamas,Americas,14
1960,Belgium,Europe,150
1960,Bermuda,Americas,9
1960,Brazil,Americas,86
1960,Bulgaria,Europe,183
1960,Canada,Americas,140
1960,Chile,Americas,9
1960,China,Asia,4
1960,Colombia,Americas,23
1960,Cuba,Americas,21
1996,Democratic Republic of the Congo,Africa,14
1960,Czech Republic,Europe,202
1960,Denmark,Europe,109
1960,Ethiopia,Africa,15
1960,Fiji,Oceania,3
1960,Finland,Europe,219
1960,France,Europe,363
1960,Germany,Europe,425
1960,Ghana,Africa,15
1960,Greece,Europe,59
1960,Guyana,Americas,6
1960,Haiti,Americas,1
1960,Hungary,Europe,312
1960,Iceland,Europe,11
1960,India,Asia,49
1960,Indonesia,Asia,27
2000,Democratic Republic of the Congo,Africa,3
1960,Iraq,Asia,28
1960,Ireland,Europe,63
1960,Israel,Asia,46
1960,Italy,Europe,402
1960,Japan,Asia,278
1960,Kenya,Africa,30
1960,Lebanon,Asia,22
1960,Liberia,Africa,6
1960,Liechtenstein,Europe,8
1960,Luxembourg,Europe,117
1960,Malaysia,Asia,11
1960,Malta,Europe,13
1960,Mexico,Americas,110
1960,Monaco,Europe,13
1960,Morocco,Africa,111
1960,Myanmar,Asia,10
1960,Netherlands,Europe,160
1960,New Zealand,Oceania,47
1960,Nigeria,Africa,15
1960,Norway,Europe,50
1960,Pakistan,Asia,53
1960,Panama,Americas,8
1960,Peru,Americas,33
1960,Philippines,Asia,49
1960,Poland,Europe,307
1960,Portugal,Europe,109
1960,Puerto Rico,Americas,29
1960,Romania,Europe,156
2004,Democratic Republic of the Congo,Africa,6
1960,San Marino,Europe,13
1960,Serbia,Europe,185
1960,Singapore,Asia,5
1960,South Africa,Africa,72
2008,Democratic Republic of the Congo,Africa,5
1960,Spain,Europe,238
1960,Sri Lanka,Asia,5
1960,Sudan,Africa,13
1960,Sweden,Europe,258
1960,Switzerland,Europe,221
2012,Democratic Republic of the Congo,Africa,4
2016,Democratic Republic of the Congo,Africa,4
1960,Thailand,Asia,24
1992,Individual Olympic Athletes,Individual Olympic Athletes,76
1960,Tunisia,Africa,56
1960,Turkey,Asia,58
2000,Individual Olympic Athletes,Individual Olympic Athletes,4
2012,Individual Olympic Athletes,Individual Olympic Athletes,4
1960,Uganda,Africa,16
1960,Uruguay,Americas,42
2016,Individual Olympic Athletes,Individual Olympic Athletes,9
1900,Iran,Asia,1
1960,Zimbabwe,Africa,22
1964,Afghanistan,Asia,8
1964,Algeria,Africa,7
1964,Argentina,Americas,148
1964,Australia,Oceania,392
1964,Austria,Europe,82
1964,Bahamas,Americas,12
1964,Belgium,Europe,74
1964,Bermuda,Americas,4
1948,Iran,Asia,39
1964,Brazil,Americas,65
1964,Bulgaria,Europe,116
1964,Cambodia,Asia,15
1964,Cameroon,Africa,2
1964,Canada,Americas,194
1964,Chad,Africa,2
1964,Chile,Americas,16
1964,China,Asia,50
1964,Colombia,Americas,40
1964,Costa Rica,Americas,2
1964,Cuba,Americas,76
1952,Iran,Asia,23
1964,Czech Republic,Europe,187
1964,Denmark,Europe,71
1964,Dominican Republic,Americas,1
1964,Egypt,Africa,83
1964,Ethiopia,Africa,19
1964,Finland,Europe,151
1964,France,Europe,214
1964,Germany,Europe,478
1964,Ghana,Africa,40
1964,Greece,Europe,19
1964,Guyana,Americas,1
1964,Hungary,Europe,319
1964,Iceland,Europe,5
1964,India,Asia,111
1956,Iran,Asia,17
1964,Iraq,Asia,19
1964,Ireland,Europe,35
1964,Israel,Asia,13
1964,Italy,Europe,256
1960,Iran,Asia,24
1964,Jamaica,Americas,32
1964,Japan,Asia,456
1964,Kenya,Africa,41
1964,Lebanon,Asia,8
1964,Liberia,Africa,2
1964,Liechtenstein,Europe,3
1964,Luxembourg,Europe,27
1964,Madagascar,Africa,4
1964,Malaysia,Asia,81
1964,Mali,Africa,2
1964,Mexico,Americas,128
1964,Monaco,Europe,1
1964,Mongolia,Asia,40
1964,Morocco,Africa,21
1964,Myanmar,Asia,12
1964,Nepal,Asia,6
1964,Netherlands,Europe,158
1964,New Zealand,Oceania,88
1964,Niger,Africa,1
1964,Nigeria,Africa,19
1964,Norway,Europe,43
1964,Pakistan,Asia,47
1964,Panama,Americas,15
1964,Peru,Americas,40
1964,Philippines,Asia,70
1964,Poland,Europe,240
1964,Portugal,Europe,25
1964,Puerto Rico,Americas,45
1964,Iran,Asia,96
1964,Romania,Europe,232
1968,Iran,Asia,14
1964,Senegal,Africa,14
1964,Serbia,Europe,123
1972,Iran,Asia,56
1964,Spain,Europe,67
1964,Sri Lanka,Asia,7
1964,Sweden,Europe,175
1964,Switzerland,Europe,129
1976,Iran,Asia,104
1988,Iran,Asia,26
1964,Thailand,Asia,67
1992,Iran,Asia,44
1964,Tunisia,Africa,12
1964,Turkey,Asia,25
1996,Iran,Asia,18
2000,Iran,Asia,34
1964,Uganda,Africa,19
1964,Uruguay,Americas,29
2004,Iran,Asia,37
2008,Iran,Asia,55
1964,Zambia,Africa,15
1964,Zimbabwe,Africa,33
1968,Afghanistan,Asia,5
1968,Algeria,Africa,9
1968,Argentina,Americas,132
1968,Australia,Oceania,224
1968,Austria,Europe,59
1968,Bahamas,Americas,22
1968,Barbados,Americas,13
1968,Belgium,Europe,106
1968,Belize,Americas,7
1968,Bermuda,Americas,6
2012,Iran,Asia,57
1968,Brazil,Americas,89
1968,Bulgaria,Europe,189
1968,Cameroon,Africa,5
1968,Canada,Americas,291
1968,Central African Republic,Africa,1
1968,Chad,Africa,4
1968,Chile,Americas,25
1968,China,Asia,25
1968,Colombia,Americas,70
1968,Costa Rica,Americas,27
1968,Cuba,Americas,227
2016,Iran,Asia,67
1968,Czech Republic,Europe,203
1964,Ivory Coast,Africa,10
1968,Denmark,Europe,93
1968,Dominican Republic,Americas,24
1968,Ecuador,Americas,41
1968,Egypt,Africa,35
1968,El Salvador,Americas,104
1968,Ethiopia,Africa,26
1968,Fiji,Oceania,1
1968,Finland,Europe,126
1968,France,Europe,311
1968,Germany,Europe,778
1968,Ghana,Africa,36
1968,Greece,Europe,44
1968,Guatemala,Americas,67
1968,Guinea,Africa,15
1968,Guyana,Americas,6
1968,Honduras,Americas,6
1968,Hungary,Europe,303
1968,Iceland,Europe,16
1968,India,Asia,27
1968,Indonesia,Asia,6
1968,Ivory Coast,Africa,11
1968,Iraq,Asia,4
1968,Ireland,Europe,57
1968,Israel,Asia,39
1968,Italy,Europe,268
1972,Ivory Coast,Africa,13
1968,Jamaica,Americas,35
1968,Japan,Asia,289
1968,Kenya,Africa,50
1968,Kuwait,Asia,2
1968,Lebanon,Asia,15
1968,Libya,Africa,1
1968,Liechtenstein,Europe,3
1968,Luxembourg,Europe,7
1968,Madagascar,Africa,6
1968,Malaysia,Asia,35
1968,Mali,Africa,2
1968,Malta,Europe,1
1968,Mexico,Americas,446
1968,Monaco,Europe,2
1968,Mongolia,Asia,38
1968,Morocco,Africa,25
1968,Myanmar,Asia,4
1968,Netherlands,Europe,140
1968,New Zealand,Oceania,65
1968,Nicaragua,Americas,16
1968,Niger,Africa,2
1968,Nigeria,Africa,46
1968,Norway,Europe,86
1968,Pakistan,Asia,15
1968,Panama,Americas,16
1968,Paraguay,Americas,1
1968,Peru,Americas,33
1968,Philippines,Asia,89
1968,Poland,Europe,296
1968,Portugal,Europe,33
1968,Puerto Rico,Americas,99
1968,Romania,Europe,100
1976,Ivory Coast,Africa,11
1968,San Marino,Europe,4
1968,Senegal,Africa,24
1968,Serbia,Europe,130
1968,Sierra Leone,Africa,4
1968,Singapore,Asia,6
1984,Ivory Coast,Africa,18
1968,Spain,Europe,137
1968,Sri Lanka,Asia,3
1968,Sudan,Africa,7
1968,Suriname,Americas,1
1968,Sweden,Europe,186
1968,Switzerland,Europe,155
1988,Ivory Coast,Africa,29
1992,Ivory Coast,Africa,18
1996,Ivory Coast,Africa,13
1968,Thailand,Asia,46
2000,Ivory Coast,Africa,18
1968,Tunisia,Africa,8
1968,Turkey,Asia,30
2004,Ivory Coast,Africa,5
2008,Ivory Coast,Africa,22
1968,Uganda,Africa,14
1968,Uruguay,Americas,50
2012,Ivory Coast,Africa,10
2016,Ivory Coast,Africa,15
1968,Zambia,Africa,7
1972,Afghanistan,Asia,8
1972,Albania,Europe,5
1972,Algeria,Africa,7
1972,Argentina,Americas,123
1972,Australia,Oceania,266
1972,Austria,Europe,143
1972,Bahamas,Americas,25
1972,Barbados,Americas,20
1972,Belgium,Europe,106
1972,Belize,Americas,2
1972,Benin,Africa,3
1972,Bermuda,Americas,9
2016,Kosovo,Europe,8
1972,Brazil,Americas,104
1972,Bulgaria,Europe,226
1972,Burkina Faso,Africa,1
1972,Cambodia,Asia,17
1972,Cameroon,Africa,18
1972,Canada,Americas,344
1972,Chad,Africa,5
1972,Chile,Americas,13
1972,China,Asia,18
1972,Colombia,Americas,75
1972,Costa Rica,Americas,4
1972,Cuba,Americas,201
1980,Laos,Asia,19
1972,Czech Republic,Europe,274
1972,Denmark,Europe,155
1972,Dominican Republic,Americas,5
1972,Ecuador,Americas,4
1972,Egypt,Africa,26
1972,El Salvador,Americas,18
1972,Ethiopia,Africa,40
1972,Fiji,Oceania,4
1972,Finland,Europe,133
1972,France,Europe,356
1972,Gabon,Africa,1
1972,Germany,Europe,1041
1972,Ghana,Africa,41
1972,Greece,Europe,66
1972,Guatemala,Americas,11
1972,Guyana,Americas,4
1972,Haiti,Americas,7
1972,Hungary,Europe,367
1972,Iceland,Europe,30
1972,India,Asia,43
1972,Indonesia,Asia,7
1988,Laos,Asia,3
1972,Ireland,Europe,84
1972,Israel,Asia,17
1972,Italy,Europe,345
1992,Laos,Asia,7
1972,Jamaica,Americas,51
1972,Japan,Asia,293
1972,Kenya,Africa,69
1972,Kuwait,Asia,4
1972,Lebanon,Asia,36
1972,Lesotho,Africa,2
1972,Liberia,Africa,5
1972,Liechtenstein,Europe,12
1972,Luxembourg,Europe,15
1972,Madagascar,Africa,13
1972,Malawi,Africa,18
1972,Malaysia,Asia,57
1972,Mali,Africa,3
1972,Malta,Europe,5
1972,Mexico,Americas,281
1972,Monaco,Europe,5
1972,Mongolia,Asia,44
1972,Morocco,Africa,39
1972,Myanmar,Asia,19
1972,Nepal,Asia,2
1972,Netherlands,Europe,199
1972,New Zealand,Oceania,112
1972,Nicaragua,Americas,10
1972,Niger,Africa,4
1972,Nigeria,Africa,36
1996,Laos,Asia,5
1972,Norway,Europe,161
1972,Pakistan,Asia,26
1972,Panama,Americas,8
1972,Paraguay,Americas,3
1972,Peru,Americas,31
1972,Philippines,Asia,79
1972,Poland,Europe,418
1972,Portugal,Europe,41
1972,Puerto Rico,Americas,60
2000,Laos,Asia,3
1972,Romania,Europe,258
2004,Laos,Asia,5
1972,San Marino,Europe,7
1972,Saudi Arabia,Asia,14
1972,Senegal,Africa,40
1972,Serbia,Europe,212
1972,Singapore,Asia,12
1972,Somalia,Africa,4
2008,Laos,Asia,4
1972,Spain,Europe,162
1972,Sri Lanka,Asia,6
1972,Sudan,Africa,31
1972,Suriname,Americas,3
1972,Swaziland,Africa,4
1972,Sweden,Europe,186
1972,Switzerland,Europe,265
2012,Laos,Asia,3
2016,Laos,Asia,5
1996,Macedonia,Europe,16
1972,Thailand,Asia,37
1972,Togo,Africa,7
2000,Macedonia,Europe,15
1972,Tunisia,Africa,37
1972,Turkey,Asia,50
2004,Macedonia,Europe,14
2008,Macedonia,Europe,7
1972,Uganda,Africa,35
1972,Uruguay,Americas,20
2012,Macedonia,Europe,4
2016,Macedonia,Europe,6
1972,Zambia,Africa,12
1976,Andorra,Europe,3
2000,Micronesia,Oceania,5
1976,Argentina,Americas,106
1976,Australia,Oceania,274
1976,Austria,Europe,73
1976,Bahamas,Americas,19
1976,Barbados,Americas,17
1976,Belgium,Europe,149
1976,Belize,Americas,4
1976,Bermuda,Americas,20
2004,Micronesia,Oceania,5
1976,Brazil,Americas,89
1976,Bulgaria,Europe,254
1976,Cameroon,Africa,4
1976,Canada,Americas,531
1976,Cayman Islands,Americas,2
1976,Chile,Americas,9
1976,China,Asia,50
1976,Colombia,Americas,44
1976,Costa Rica,Americas,10
1976,Cuba,Americas,194
2008,Micronesia,Oceania,5
1976,Czech Republic,Europe,251
1976,Denmark,Europe,81
1976,Dominican Republic,Americas,11
1976,Ecuador,Americas,8
1976,Egypt,Africa,26
1976,Fiji,Oceania,5
1976,Finland,Europe,108
1976,France,Europe,302
1976,Germany,Europe,859
1976,Greece,Europe,40
1976,Guatemala,Americas,28
1976,Haiti,Americas,14
1976,Honduras,Americas,3
1976,Hungary,Europe,288
1976,Iceland,Europe,22
1976,India,Asia,26
1976,Indonesia,Asia,11
2012,Micronesia,Oceania,6
1976,Ireland,Europe,59
1976,Israel,Asia,34
1976,Italy,Europe,312
2016,Micronesia,Oceania,5
1976,Jamaica,Americas,36
1976,Japan,Asia,328
1976,Kuwait,Asia,21
1976,Lebanon,Asia,4
1976,Liechtenstein,Europe,9
1976,Luxembourg,Europe,9
1976,Malaysia,Asia,25
1976,Mexico,Americas,137
1976,Monaco,Europe,10
1976,Mongolia,Asia,33
1976,Morocco,Africa,9
1976,Nepal,Asia,1
1976,Netherlands,Europe,175
1976,New Zealand,Oceania,98
1976,Nicaragua,Americas,25
1996,Moldova,Europe,50
1976,Norway,Europe,79
1976,Pakistan,Asia,24
1976,Panama,Americas,13
1976,Papua New Guinea,Oceania,9
1976,Paraguay,Americas,6
1976,Peru,Americas,14
1976,Philippines,Asia,22
1976,Poland,Europe,286
1976,Portugal,Europe,36
1976,Puerto Rico,Americas,112
1976,Romania,Europe,255
2000,Moldova,Europe,35
1976,San Marino,Europe,10
1976,Saudi Arabia,Asia,19
1976,Senegal,Africa,33
1976,Serbia,Europe,95
1976,Singapore,Asia,4
2004,Moldova,Europe,33
1976,Spain,Europe,160
1976,Suriname,Americas,4
1976,Sweden,Europe,163
1976,Switzerland,Europe,101
1976,Thailand,Asia,62
2008,Moldova,Europe,30
1976,Tunisia,Africa,16
1976,Turkey,Asia,28
2012,Moldova,Europe,20
2016,Moldova,Europe,23
1976,Uruguay,Americas,15
1972,North Korea,Asia,83
1980,Afghanistan,Asia,11
1980,Algeria,Africa,63
1980,Andorra,Europe,2
1980,Angola,Africa,17
1980,Australia,Oceania,190
1980,Austria,Europe,92
1980,Belgium,Europe,84
1980,Benin,Africa,17
1980,Botswana,Africa,8
1980,Brazil,Americas,149
1980,Bulgaria,Europe,397
1980,Cameroon,Africa,29
1980,Colombia,Americas,28
1980,Costa Rica,Americas,37
1980,Cuba,Americas,288
1980,Cyprus,Asia,15
1980,Czech Republic,Europe,317
1980,Denmark,Europe,60
1980,Dominican Republic,Americas,7
1980,Ecuador,Americas,16
1980,Ethiopia,Africa,48
1980,Finland,Europe,125
1980,France,Europe,200
1980,Germany,Europe,495
1980,Greece,Europe,45
1980,Guatemala,Americas,10
1980,Guinea,Africa,10
1980,Guyana,Americas,10
1980,Hungary,Europe,392
1980,Iceland,Europe,12
1980,India,Asia,78
1980,Iraq,Asia,44
1980,Ireland,Europe,57
1980,Italy,Europe,203
1980,Jamaica,Americas,32
1980,Jordan,Asia,6
1980,Kuwait,Asia,67
1976,North Korea,Asia,40
1980,Lebanon,Asia,19
1980,Lesotho,Africa,7
1980,Libya,Africa,38
1980,Luxembourg,Europe,4
1980,Madagascar,Africa,18
1980,Mali,Africa,7
1980,Malta,Europe,12
1980,Mexico,Americas,74
1980,Mongolia,Asia,57
1980,Mozambique,Africa,16
1980,Myanmar,Asia,2
1980,Nepal,Asia,10
1980,Netherlands,Europe,112
1980,New Zealand,Oceania,7
1980,Nicaragua,Americas,6
1980,Nigeria,Africa,56
1980,North Korea,Asia,121
1980,Peru,Americas,38
1980,Poland,Europe,418
1980,Portugal,Europe,18
1980,Puerto Rico,Americas,3
1992,North Korea,Asia,123
1980,Romania,Europe,339
1996,North Korea,Asia,36
1980,San Marino,Europe,16
1980,Senegal,Africa,39
1980,Serbia,Europe,180
1980,Seychelles,Africa,21
1980,Sierra Leone,Africa,32
1980,Spain,Europe,211
1980,Sri Lanka,Asia,4
1980,Sweden,Europe,201
1980,Switzerland,Europe,86
2000,North Korea,Asia,47
2004,North Korea,Asia,71
2008,North Korea,Asia,66
2012,North Korea,Asia,57
1980,Uganda,Africa,16
2016,North Korea,Asia,38
1996,Palestine,Asia,1
1980,Zambia,Africa,43
1980,Zimbabwe,Africa,52
1984,Algeria,Africa,33
1984,Andorra,Europe,2
2000,Palestine,Asia,2
1984,Argentina,Americas,115
1984,Australia,Oceania,337
1984,Austria,Europe,130
1984,Bahamas,Americas,31
1984,Bahrain,Asia,14
1984,Bangladesh,Asia,2
1984,Barbados,Americas,25
1984,Belgium,Europe,86
1984,Belize,Americas,13
1984,Benin,Africa,3
1984,Bermuda,Americas,13
1984,Bhutan,Asia,6
2004,Palestine,Asia,3
1984,Botswana,Africa,8
1984,Brazil,Americas,197
1984,Cameroon,Africa,56
1984,Canada,Americas,572
1984,Cayman Islands,Americas,14
1984,Central African Republic,Africa,3
1984,Chad,Africa,3
1984,Chile,Americas,64
1984,China,Asia,410
1984,Colombia,Americas,48
1984,Costa Rica,Americas,32
2008,Palestine,Asia,4
1984,Cyprus,Asia,12
2012,Palestine,Asia,5
1984,Denmark,Europe,74
1984,Djibouti,Africa,3
1984,Dominican Republic,Americas,24
1984,Ecuador,Americas,15
1984,Egypt,Africa,148
1984,El Salvador,Americas,15
1984,Equatorial Guinea,Africa,5
1984,Fiji,Oceania,26
1984,Finland,Europe,107
1984,France,Europe,354
1984,Gabon,Africa,4
1984,Gambia,Africa,16
1984,Germany,Europe,571
1984,Ghana,Africa,27
1984,Greece,Europe,73
1984,Grenada,Americas,6
1984,Guatemala,Americas,53
1984,Guinea,Africa,1
1984,Guyana,Americas,12
1984,Haiti,Americas,3
1984,Honduras,Americas,26
1984,Iceland,Europe,35
1984,India,Asia,53
1984,Indonesia,Asia,23
1984,Iraq,Asia,25
1984,Ireland,Europe,55
1984,Israel,Asia,65
1984,Italy,Europe,368
2016,Palestine,Asia,6
1984,Jamaica,Americas,75
1984,Japan,Asia,365
1984,Jordan,Asia,15
1984,Kenya,Africa,67
1984,Kuwait,Asia,31
1984,Lebanon,Asia,30
1984,Lesotho,Africa,5
1984,Liberia,Africa,10
1984,Liechtenstein,Europe,8
1984,Luxembourg,Europe,5
1984,Madagascar,Africa,5
1984,Malawi,Africa,23
1984,Malaysia,Asia,27
1984,Mali,Africa,5
1984,Malta,Europe,7
1984,Mauritania,Africa,2
1984,Mauritius,Africa,7
1984,Mexico,Americas,155
1984,Monaco,Europe,8
1984,Morocco,Africa,35
1984,Mozambique,Africa,14
1984,Myanmar,Asia,1
1984,Nepal,Asia,10
1984,Netherlands,Europe,185
1984,New Zealand,Oceania,162
1984,Nicaragua,Americas,5
1984,Niger,Africa,4
1984,Nigeria,Africa,36
1984,Norway,Europe,132
1984,Oman,Asia,22
1984,Pakistan,Asia,33
1984,Panama,Americas,10
1984,Papua New Guinea,Oceania,12
1984,Paraguay,Americas,18
1984,Peru,Americas,44
1984,Philippines,Asia,32
1984,Portugal,Europe,48
1984,Puerto Rico,Americas,58
1984,Qatar,Asia,26
1964,Republic of Congo,Africa,2
1984,Romania,Europe,193
1984,Rwanda,Africa,6
1984,Samoa,Oceania,9
1984,San Marino,Europe,31
1984,Saudi Arabia,Asia,42
1984,Senegal,Africa,29
1984,Serbia,Europe,154
1984,Seychelles,Africa,15
1984,Sierra Leone,Africa,10
1984,Singapore,Asia,14
1984,Solomon Islands,Oceania,3
1984,Somalia,Africa,9
1972,Republic of Congo,Africa,8
1984,Spain,Europe,257
1984,Sri Lanka,Asia,6
1984,Sudan,Africa,9
1984,Suriname,Americas,7
1984,Swaziland,Africa,11
1984,Sweden,Europe,254
1984,Switzerland,Europe,245
1980,Republic of Congo,Africa,25
1984,Republic of Congo,Africa,13
1988,Republic of Congo,Africa,10
1984,Thailand,Asia,40
1984,Togo,Africa,6
1984,Tonga,Oceania,7
1992,Republic of Congo,Africa,10
1984,Tunisia,Africa,28
1984,Turkey,Asia,62
1996,Republic of Congo,Africa,5
2000,Republic of Congo,Africa,5
1984,Uganda,Africa,30
1984,United Arab Emirates,Asia,11
1984,Uruguay,Americas,23
2004,Republic of Congo,Africa,5
2008,Republic of Congo,Africa,5
1984,Yemen,Asia,3
1984,Zambia,Africa,18
1984,Zimbabwe,Africa,20
1988,Afghanistan,Asia,5
1988,Algeria,Africa,45
1988,American Samoa,Oceania,6
1988,Andorra,Europe,4
1988,Angola,Africa,33
2012,Republic of Congo,Africa,7
1988,Argentina,Americas,134
1988,Aruba,Americas,12
1988,Australia,Oceania,339
1988,Austria,Europe,96
1988,Bahamas,Americas,18
1988,Bahrain,Asia,16
1988,Bangladesh,Asia,11
1988,Barbados,Americas,26
1988,Belgium,Europe,85
1988,Belize,Americas,13
1988,Benin,Africa,10
1988,Bermuda,Americas,14
1988,Bhutan,Asia,6
2016,Republic of Congo,Africa,10
1988,Botswana,Africa,11
1988,Brazil,Americas,233
1988,Bulgaria,Europe,281
1988,Burkina Faso,Africa,9
1988,Cameroon,Africa,21
1988,Canada,Americas,503
1988,Cayman Islands,Americas,12
1988,Central African Republic,Africa,15
1988,Chad,Africa,6
1988,Chile,Americas,23
1988,China,Asia,518
1988,Colombia,Americas,57
1988,Cook Islands,Oceania,8
1988,Costa Rica,Americas,33
1900,Russia,Europe,5
1988,Cyprus,Asia,11
1988,Czech Republic,Europe,226
1908,Russia,Europe,7
1988,Denmark,Europe,130
1988,Djibouti,Africa,6
1988,Dominican Republic,Americas,18
1988,Ecuador,Americas,15
1988,Egypt,Africa,59
1988,El Salvador,Americas,7
1988,Equatorial Guinea,Africa,7
1988,Fiji,Oceania,41
1988,Finland,Europe,101
1988,France,Europe,413
1988,Gabon,Africa,2
1988,Gambia,Africa,6
1988,Germany,Europe,918
1988,Ghana,Africa,21
1988,Greece,Europe,72
1988,Grenada,Americas,7
1988,Guam,Oceania,26
1988,Guatemala,Americas,37
1988,Guinea,Africa,7
1988,Guyana,Americas,8
1988,Haiti,Americas,5
1988,Honduras,Americas,18
1988,Hungary,Europe,315
1988,Iceland,Europe,42
1988,India,Asia,55
1988,Indonesia,Asia,43
1912,Russia,Europe,266
1988,Iraq,Asia,28
1988,Ireland,Europe,78
1988,Israel,Asia,29
1988,Italy,Europe,374
1924,Russia,Europe,3
1988,Jamaica,Americas,49
1988,Japan,Asia,412
1988,Jordan,Asia,9
1988,Kenya,Africa,88
1988,Kuwait,Asia,34
1952,Russia,Europe,451
1988,Lebanon,Asia,31
1988,Lesotho,Africa,6
1988,Liberia,Africa,11
1988,Libya,Africa,7
1988,Liechtenstein,Europe,16
1988,Luxembourg,Europe,11
1988,Malawi,Africa,22
1988,Malaysia,Asia,17
1988,Maldives,Asia,9
1988,Mali,Africa,8
1988,Malta,Europe,6
1988,Mauritania,Africa,7
1988,Mauritius,Africa,11
1988,Mexico,Americas,144
1988,Monaco,Europe,9
1988,Mongolia,Asia,32
1988,Morocco,Africa,29
1988,Mozambique,Africa,12
1988,Myanmar,Asia,3
1988,Nepal,Asia,20
1988,Netherlands,Europe,202
1988,New Zealand,Oceania,112
1988,Niger,Africa,6
1988,Nigeria,Africa,86
1988,Norway,Europe,79
1988,Oman,Asia,13
1988,Pakistan,Asia,33
1988,Panama,Americas,9
1988,Papua New Guinea,Oceania,15
1988,Paraguay,Americas,13
1988,Peru,Americas,26
1988,Philippines,Asia,42
1988,Poland,Europe,192
1988,Portugal,Europe,91
1988,Puerto Rico,Americas,56
1988,Qatar,Asia,13
1956,Russia,Europe,411
1988,Romania,Europe,172
1960,Russia,Europe,414
1988,Rwanda,Africa,8
1964,Russia,Europe,463
1988,Samoa,Oceania,11
1988,San Marino,Europe,15
1988,Saudi Arabia,Asia,13
1988,Senegal,Africa,35
1988,Serbia,Europe,183
1988,Sierra Leone,Africa,20
1988,Singapore,Asia,27
1988,Solomon Islands,Oceania,5
1988,Somalia,Africa,5
1968,Russia,Europe,471
1988,Spain,Europe,317
1988,Sri Lanka,Asia,9
1988,Sudan,Africa,8
1988,Suriname,Americas,10
1988,Swaziland,Africa,15
1988,Sweden,Europe,251
1988,Switzerland,Europe,151
1972,Russia,Europe,531
1976,Russia,Europe,574
1980,Russia,Europe,660
1988,Thailand,Asia,15
1988,Togo,Africa,6
1988,Tonga,Oceania,7
1988,Russia,Europe,647
1988,Tunisia,Africa,45
1988,Turkey,Asia,51
1992,Russia,Europe,650
1996,Russia,Europe,552
1988,Uganda,Africa,30
1988,United Arab Emirates,Asia,36
1988,Uruguay,Americas,18
1988,Vanuatu,Oceania,6
2000,Russia,Europe,602
2004,Russia,Europe,593
2008,Russia,Europe,600
1988,Yemen,Asia,13
1988,Zambia,Africa,33
1988,Zimbabwe,Africa,47
1992,Albania,Europe,9
1992,Algeria,Africa,36
1992,American Samoa,Oceania,3
1992,Andorra,Europe,8
1992,Angola,Africa,33
2012,Russia,Europe,549
1992,Argentina,Americas,111
1992,Aruba,Americas,5
1992,Australia,Oceania,390
1992,Austria,Europe,127
1992,Bahamas,Americas,18
1992,Bahrain,Asia,15
1992,Bangladesh,Asia,9
1992,Barbados,Americas,22
1992,Belgium,Europe,103
1992,Belize,Americas,18
1992,Benin,Africa,7
1992,Bermuda,Americas,29
1992,Bhutan,Asia,12
2016,Russia,Europe,406
1992,Bosnia and Herzegovina,Europe,13
1992,Botswana,Africa,6
1992,Brazil,Americas,233
1992,Bulgaria,Europe,236
1992,Burkina Faso,Africa,4
1992,Cameroon,Africa,12
1992,Canada,Americas,445
1992,Cayman Islands,Americas,13
1992,Central African Republic,Africa,21
1992,Chad,Africa,7
1992,Chile,Americas,15
1992,China,Asia,460
1992,Colombia,Americas,61
1992,Cook Islands,Oceania,2
1992,Costa Rica,Americas,20
1992,Croatia,Europe,46
1992,Cuba,Americas,196
1996,Saint Kitts,Americas,14
1992,Cyprus,Asia,19
1992,Czech Republic,Europe,269
2000,Saint Kitts,Americas,4
1992,Denmark,Europe,144
1992,Djibouti,Africa,8
1992,Dominican Republic,Americas,32
1992,Ecuador,Americas,15
1992,Egypt,Africa,83
1992,El Salvador,Americas,6
1992,Equatorial Guinea,Africa,8
1992,Estonia,Europe,46
1992,Ethiopia,Africa,24
1992,Fiji,Oceania,36
1992,Finland,Europe,130
1992,France,Europe,486
1992,Gabon,Africa,5
1992,Gambia,Africa,8
1992,Germany,Europe,653
1992,Ghana,Africa,41
1992,Greece,Europe,76
1992,Grenada,Americas,5
1992,Guam,Oceania,45
1992,Guatemala,Americas,41
1992,Guinea,Africa,11
1992,Guyana,Americas,7
1992,Haiti,Americas,8
1992,Honduras,Americas,27
1992,Hungary,Europe,351
1992,Iceland,Europe,31
1992,India,Asia,61
2004,Saint Kitts,Americas,2
1992,Indonesia,Asia,51
2008,Saint Kitts,Americas,6
1992,Iraq,Asia,8
1992,Ireland,Europe,77
1992,Israel,Asia,44
1992,Italy,Europe,431
2012,Saint Kitts,Americas,7
1992,Jamaica,Americas,51
1992,Japan,Asia,392
1992,Jordan,Asia,5
1992,Kenya,Africa,55
1992,Kuwait,Asia,37
2016,Saint Kitts,Americas,9
1992,Latvia,Europe,40
1992,Lebanon,Asia,18
1992,Lesotho,Africa,8
1992,Libya,Africa,5
1992,Liechtenstein,Europe,8
1992,Lithuania,Europe,54
1992,Luxembourg,Europe,8
1992,Madagascar,Africa,17
1992,Malawi,Africa,4
1992,Malaysia,Asia,30
1992,Maldives,Asia,10
1992,Mali,Africa,6
1992,Malta,Europe,8
1992,Mauritania,Africa,6
1992,Mauritius,Africa,22
1992,Mexico,Americas,140
1992,Monaco,Europe,4
1992,Mongolia,Asia,38
1992,Morocco,Africa,45
1992,Mozambique,Africa,7
1992,Myanmar,Asia,5
1992,Namibia,Africa,10
1992,Nepal,Asia,2
1992,Netherlands,Europe,257
1992,New Zealand,Oceania,175
1992,Nicaragua,Americas,9
1992,Niger,Africa,3
1992,Nigeria,Africa,72
1988,Saint Vincent,Americas,6
1992,Norway,Europe,114
1992,Oman,Asia,5
1992,Pakistan,Asia,28
1992,Panama,Americas,7
1992,Papua New Guinea,Oceania,19
1992,Paraguay,Americas,31
1992,Peru,Americas,21
1992,Philippines,Asia,38
1992,Poland,Europe,263
1992,Portugal,Europe,115
1992,Puerto Rico,Americas,101
1992,Qatar,Asia,30
1992,Saint Vincent,Americas,8
1992,Romania,Europe,306
1996,Saint Vincent,Americas,12
1992,Rwanda,Africa,10
2000,Saint Vincent,Americas,4
1992,Samoa,Oceania,5
1992,San Marino,Europe,20
1992,Saudi Arabia,Asia,17
1992,Senegal,Africa,25
1992,Seychelles,Africa,21
1992,Sierra Leone,Africa,15
1992,Singapore,Asia,37
1992,Slovenia,Europe,47
1992,Solomon Islands,Oceania,1
1992,South Africa,Africa,141
2004,Saint Vincent,Americas,3
1992,Spain,Europe,537
1992,Sri Lanka,Asia,16
1992,Sudan,Africa,7
1992,Suriname,Americas,9
1992,Swaziland,Africa,10
1992,Sweden,Europe,252
1992,Switzerland,Europe,171
2008,Saint Vincent,Americas,2
2012,Saint Vincent,Americas,3
2016,Saint Vincent,Americas,4
1992,Thailand,Asia,64
1992,Togo,Africa,9
1992,Tonga,Oceania,5
1948,South Korea,Asia,48
1992,Tunisia,Africa,15
1992,Turkey,Asia,54
1952,South Korea,Asia,22
1956,South Korea,Asia,36
1992,Uganda,Africa,9
1992,United Arab Emirates,Asia,36
1992,Uruguay,Americas,18
1992,Vanuatu,Oceania,8
1960,South Korea,Asia,49
1964,South Korea,Asia,240
1968,South Korea,Asia,66
1992,Yemen,Asia,8
1992,Zambia,Africa,11
1992,Zimbabwe,Africa,28
1996,Afghanistan,Asia,2
1996,Albania,Europe,9
1996,Algeria,Africa,47
1996,American Samoa,Oceania,7
1996,Andorra,Europe,8
1996,Angola,Africa,30
1972,South Korea,Asia,43
1996,Argentina,Americas,221
1996,Armenia,Asia,38
1996,Aruba,Americas,3
1996,Australia,Oceania,550
1996,Austria,Europe,92
1996,Azerbaijan,Asia,24
1996,Bahamas,Americas,36
1996,Bahrain,Asia,5
1996,Bangladesh,Asia,4
1996,Barbados,Americas,22
1996,Belarus,Europe,259
1996,Belgium,Europe,81
1996,Belize,Americas,5
1996,Benin,Africa,7
1996,Bermuda,Americas,10
1996,Bhutan,Asia,2
1976,South Korea,Asia,51
1996,Bosnia and Herzegovina,Europe,12
1996,Botswana,Africa,7
1996,Brazil,Americas,251
1984,South Korea,Asia,240
1996,Bulgaria,Europe,181
1996,Burkina Faso,Africa,5
1996,Burundi,Africa,7
1996,Cambodia,Asia,5
1996,Cameroon,Africa,19
1996,Canada,Americas,408
1988,South Korea,Asia,551
1996,Cayman Islands,Americas,9
1996,Central African Republic,Africa,5
1996,Chad,Africa,4
1996,Chile,Americas,24
1996,China,Asia,470
1996,Colombia,Americas,62
1996,Comoros,Africa,4
1996,Cook Islands,Oceania,3
1996,Costa Rica,Americas,13
1996,Croatia,Europe,117
1996,Cuba,Americas,178
1992,South Korea,Asia,322
1996,Cyprus,Asia,24
1996,Czech Republic,Europe,169
1996,South Korea,Asia,417
1996,Denmark,Europe,145
1996,Djibouti,Africa,5
1996,Dominica,Americas,6
1996,Dominican Republic,Americas,16
1996,Ecuador,Americas,28
1996,Egypt,Africa,33
1996,El Salvador,Americas,10
1996,Equatorial Guinea,Africa,8
1996,Estonia,Europe,52
1996,Ethiopia,Africa,19
1996,Fiji,Oceania,21
1996,Finland,Europe,105
1996,France,Europe,453
1996,Gabon,Africa,9
1996,Gambia,Africa,12
1996,Georgia,Asia,42
1996,Germany,Europe,626
1996,Ghana,Africa,40
1996,Greece,Europe,180
1996,Grenada,Americas,5
1996,Guam,Oceania,9
1996,Guatemala,Americas,28
1996,Guinea,Africa,5
1996,Guinea-Bissau,Africa,3
1996,Guyana,Americas,9
1996,Haiti,Americas,7
1996,Honduras,Americas,7
1996,Hungary,Europe,315
1996,Iceland,Europe,15
1996,India,Asia,54
1996,Indonesia,Asia,45
2000,South Korea,Asia,359
1996,Iraq,Asia,3
1996,Ireland,Europe,99
1996,Israel,Asia,38
1996,Italy,Europe,460
2004,South Korea,Asia,344
1996,Jamaica,Americas,69
1996,Japan,Asia,448
1996,Jordan,Asia,5
1996,Kazakhstan,Asia,142
1996,Kenya,Africa,54
1996,Kuwait,Asia,27
1996,Kyrgyzstan,Asia,53
2008,South Korea,Asia,329
1996,Latvia,Europe,55
1996,Lebanon,Asia,1
1996,Lesotho,Africa,11
1996,Liberia,Africa,7
1996,Libya,Africa,5
1996,Liechtenstein,Europe,2
1996,Lithuania,Europe,81
1996,Luxembourg,Europe,7
2012,South Korea,Asia,312
1996,Madagascar,Africa,14
1996,Malawi,Africa,2
1996,Malaysia,Asia,43
1996,Maldives,Asia,9
1996,Mali,Africa,4
1996,Malta,Europe,10
1996,Mauritania,Africa,4
1996,Mauritius,Africa,36
1996,Mexico,Americas,111
2016,South Korea,Asia,263
1996,Monaco,Europe,4
1996,Mongolia,Asia,18
1996,Morocco,Africa,38
1996,Mozambique,Africa,3
1996,Myanmar,Asia,3
1996,Namibia,Africa,10
1996,Nauru,Oceania,3
1996,Nepal,Asia,6
1996,Netherlands,Europe,290
1996,New Zealand,Oceania,129
1996,Nicaragua,Americas,28
1996,Niger,Africa,3
1996,Nigeria,Africa,84
1948,Syria,Asia,1
1996,Norway,Europe,116
1996,Oman,Asia,5
1996,Pakistan,Asia,24
1960,Syria,Asia,123
1996,Panama,Americas,9
1996,Papua New Guinea,Oceania,17
1996,Paraguay,Americas,7
1996,Peru,Americas,33
1996,Philippines,Asia,18
1996,Poland,Europe,207
1996,Portugal,Europe,131
1996,Puerto Rico,Americas,91
1996,Qatar,Asia,13
1968,Syria,Asia,2
1996,Romania,Europe,284
1972,Syria,Asia,5
1996,Rwanda,Africa,4
1980,Syria,Asia,71
1996,Saint Lucia,Americas,8
1984,Syria,Asia,9
1996,Samoa,Oceania,5
1996,San Marino,Europe,7
1996,Sao Tome and Principe,Africa,2
1996,Saudi Arabia,Asia,34
1996,Senegal,Africa,12
1996,Serbia,Europe,79
1996,Seychelles,Africa,9
1996,Sierra Leone,Africa,19
1996,Singapore,Asia,35
1996,Slovakia,Europe,98
1996,Slovenia,Europe,47
1996,Solomon Islands,Oceania,4
1996,Somalia,Africa,4
1996,South Africa,Africa,111
1988,Syria,Asia,13
1996,Spain,Europe,384
1996,Sri Lanka,Asia,11
1996,Sudan,Africa,4
1996,Suriname,Americas,11
1996,Swaziland,Africa,6
1996,Sweden,Europe,233
1996,Switzerland,Europe,172
1992,Syria,Asia,9
1996,Syria,Asia,8
1996,Tajikistan,Asia,8
2000,Syria,Asia,8
1996,Thailand,Asia,58
1996,Togo,Africa,7
1996,Tonga,Oceania,5
2004,Syria,Asia,6
1996,Tunisia,Africa,52
1996,Turkey,Asia,61
1996,Turkmenistan,Asia,7
2008,Syria,Asia,7
2012,Syria,Asia,10
1996,Uganda,Africa,12
1996,Ukraine,Europe,351
1996,United Arab Emirates,Asia,4
1996,Uruguay,Americas,15
1996,Uzbekistan,Asia,95
1996,Vanuatu,Oceania,4
2016,Syria,Asia,7
1956,Taiwan,Asia,23
1960,Taiwan,Asia,31
1996,Yemen,Asia,4
1996,Zambia,Africa,8
1996,Zimbabwe,Africa,21
2000,Albania,Europe,5
2000,Algeria,Africa,51
2000,American Samoa,Oceania,4
2000,Andorra,Europe,5
2000,Angola,Africa,30
1964,Taiwan,Asia,96
2000,Argentina,Americas,165
2000,Armenia,Asia,26
2000,Aruba,Americas,5
2000,Australia,Oceania,788
2000,Austria,Europe,114
2000,Azerbaijan,Asia,32
2000,Bahamas,Americas,39
2000,Bahrain,Asia,4
2000,Bangladesh,Asia,6
2000,Barbados,Americas,28
2000,Belarus,Europe,231
2000,Belgium,Europe,94
2000,Belize,Americas,2
2000,Benin,Africa,4
2000,Bermuda,Americas,7
2000,Bhutan,Asia,2
1968,Taiwan,Asia,93
2000,Bosnia and Herzegovina,Europe,11
2000,Botswana,Africa,9
2000,Brazil,Americas,236
1972,Taiwan,Asia,44
2000,Bulgaria,Europe,150
2000,Burkina Faso,Africa,4
2000,Burundi,Africa,6
2000,Cambodia,Asia,4
2000,Cameroon,Africa,39
2000,Canada,Americas,422
1984,Taiwan,Asia,52
2000,Cayman Islands,Americas,4
2000,Central African Republic,Africa,3
2000,Chad,Africa,3
2000,Chile,Americas,58
2000,China,Asia,460
2000,Colombia,Americas,54
2000,Comoros,Africa,2
2000,Cook Islands,Oceania,2
2000,Costa Rica,Americas,9
2000,Croatia,Europe,108
2000,Cuba,Americas,271
1988,Taiwan,Asia,123
2000,Cyprus,Asia,24
2000,Czech Republic,Europe,162
1992,Taiwan,Asia,38
2000,Denmark,Europe,124
2000,Djibouti,Africa,2
2000,Dominica,Americas,4
2000,Dominican Republic,Americas,13
2000,Ecuador,Americas,11
2000,Egypt,Africa,103
2000,El Salvador,Americas,10
2000,Equatorial Guinea,Africa,4
2000,Eritrea,Africa,3
2000,Estonia,Europe,41
2000,Ethiopia,Africa,27
2000,Fiji,Oceania,9
2000,Finland,Europe,88
2000,France,Europe,470
2000,Gabon,Africa,6
2000,Gambia,Africa,2
2000,Georgia,Asia,47
2000,Germany,Europe,567
2000,Ghana,Africa,28
2000,Greece,Europe,175
2000,Grenada,Americas,3
2000,Guam,Oceania,7
2000,Guatemala,Americas,18
2000,Guinea,Africa,6
2000,Guinea-Bissau,Africa,3
2000,Guyana,Americas,4
2000,Haiti,Americas,5
2000,Honduras,Americas,20
2000,Hungary,Europe,238
2000,Iceland,Europe,29
2000,India,Asia,70
1996,Taiwan,Asia,107
2000,Indonesia,Asia,54
2000,Taiwan,Asia,75
2000,Iraq,Asia,4
2000,Ireland,Europe,76
2000,Israel,Asia,58
2000,Italy,Europe,457
2004,Taiwan,Asia,104
2000,Jamaica,Americas,65
2000,Japan,Asia,363
2000,Jordan,Asia,8
2000,Kazakhstan,Asia,158
2000,Kenya,Africa,59
2000,Kuwait,Asia,30
2000,Kyrgyzstan,Asia,71
2008,Taiwan,Asia,92
2000,Latvia,Europe,60
2000,Lebanon,Asia,6
2000,Lesotho,Africa,6
2000,Liberia,Africa,10
2000,Libya,Africa,3
2000,Liechtenstein,Europe,2
2000,Lithuania,Europe,77
2000,Luxembourg,Europe,9
2012,Taiwan,Asia,55
2000,Madagascar,Africa,13
2000,Malawi,Africa,2
2000,Malaysia,Asia,55
2000,Maldives,Asia,4
2000,Mali,Africa,5
2000,Malta,Europe,7
2000,Mauritania,Africa,2
2000,Mauritius,Africa,26
2000,Mexico,Americas,98
2016,Taiwan,Asia,67
1964,Tanzania,Africa,4
2000,Monaco,Europe,4
2000,Mongolia,Asia,23
2000,Morocco,Africa,55
2000,Mozambique,Africa,4
2000,Myanmar,Asia,7
2000,Namibia,Africa,16
2000,Nauru,Oceania,2
2000,Nepal,Asia,5
2000,Netherlands,Europe,285
2000,New Zealand,Oceania,177
2000,Nicaragua,Americas,6
2000,Niger,Africa,4
2000,Nigeria,Africa,100
1968,Tanzania,Africa,5
2000,Norway,Europe,115
2000,Oman,Asia,8
2000,Pakistan,Asia,27
2000,Palau,Oceania,5
1972,Tanzania,Africa,22
2000,Panama,Americas,7
2000,Papua New Guinea,Oceania,5
2000,Paraguay,Americas,5
2000,Peru,Americas,22
2000,Philippines,Asia,22
2000,Poland,Europe,240
2000,Portugal,Europe,64
2000,Puerto Rico,Americas,38
2000,Qatar,Asia,19
1980,Tanzania,Africa,48
2000,Romania,Europe,252
1984,Tanzania,Africa,21
2000,Rwanda,Africa,5
1988,Tanzania,Africa,10
2000,Saint Lucia,Americas,5
1992,Tanzania,Africa,9
2000,Samoa,Oceania,5
2000,San Marino,Europe,4
2000,Sao Tome and Principe,Africa,2
2000,Saudi Arabia,Asia,23
2000,Senegal,Africa,32
2000,Serbia,Europe,125
2000,Seychelles,Africa,9
2000,Sierra Leone,Africa,3
2000,Singapore,Asia,23
2000,Slovakia,Europe,132
2000,Slovenia,Europe,90
2000,Solomon Islands,Oceania,2
2000,Somalia,Africa,2
2000,South Africa,Africa,161
1996,Tanzania,Africa,7
2000,Spain,Europe,431
2000,Sri Lanka,Asia,24
2000,Sudan,Africa,3
2000,Suriname,Americas,5
2000,Swaziland,Africa,6
2000,Sweden,Europe,198
2000,Switzerland,Europe,138
2000,Tanzania,Africa,4
2004,Tanzania,Africa,9
2000,Tajikistan,Asia,4
2008,Tanzania,Africa,9
2000,Thailand,Asia,68
2000,Togo,Africa,3
2000,Tonga,Oceania,3
2012,Tanzania,Africa,6
2000,Tunisia,Africa,47
2000,Turkey,Asia,67
2000,Turkmenistan,Asia,8
2016,Tanzania,Africa,7
1948,Trinidad,Americas,9
2000,Uganda,Africa,13
2000,Ukraine,Europe,368
2000,United Arab Emirates,Asia,5
2000,Uruguay,Americas,17
2000,Uzbekistan,Asia,85
2000,Vanuatu,Oceania,3
1952,Trinidad,Americas,2
1956,Trinidad,Americas,10
1960,Trinidad,Americas,20
2000,Yemen,Asia,2
2000,Zambia,Africa,8
2000,Zimbabwe,Africa,26
2004,Afghanistan,Asia,5
2004,Albania,Europe,7
2004,Algeria,Africa,71
2004,American Samoa,Oceania,3
2004,Andorra,Europe,6
2004,Angola,Africa,30
1964,Trinidad,Americas,18
2004,Argentina,Americas,179
2004,Armenia,Asia,19
2004,Aruba,Americas,4
2004,Australia,Oceania,601
2004,Austria,Europe,92
2004,Azerbaijan,Asia,37
2004,Bahamas,Americas,28
2004,Bahrain,Asia,10
2004,Bangladesh,Asia,4
2004,Barbados,Americas,15
2004,Belarus,Europe,192
2004,Belgium,Europe,70
2004,Belize,Americas,2
2004,Benin,Africa,4
2004,Bermuda,Americas,10
2004,Bhutan,Asia,2
1968,Trinidad,Americas,25
2004,Bosnia and Herzegovina,Europe,11
2004,Botswana,Africa,12
2004,Brazil,Americas,318
1972,Trinidad,Americas,36
2004,Bulgaria,Europe,119
2004,Burkina Faso,Africa,5
2004,Burundi,Africa,7
2004,Cambodia,Asia,4
2004,Cameroon,Africa,19
2004,Canada,Americas,391
1976,Trinidad,Americas,20
2004,Cayman Islands,Americas,8
2004,Central African Republic,Africa,4
2004,Chad,Africa,1
2004,Chile,Americas,29
2004,China,Asia,560
2004,Colombia,Americas,71
2004,Comoros,Africa,3
2004,Cook Islands,Oceania,3
2004,Costa Rica,Americas,21
2004,Croatia,Europe,100
2004,Cuba,Americas,177
1980,Trinidad,Americas,15
2004,Cyprus,Asia,21
2004,Czech Republic,Europe,171
1984,Trinidad,Americas,23
2004,Denmark,Europe,115
2004,Dominica,Americas,2
2004,Dominican Republic,Americas,33
2004,Ecuador,Americas,18
2004,Egypt,Africa,104
2004,El Salvador,Americas,9
2004,Equatorial Guinea,Africa,2
2004,Eritrea,Africa,5
2004,Estonia,Europe,45
2004,Ethiopia,Africa,27
2004,Fiji,Oceania,9
2004,Finland,Europe,67
2004,France,Europe,461
2004,Gabon,Africa,5
2004,Gambia,Africa,3
2004,Georgia,Asia,39
2004,Germany,Europe,592
2004,Ghana,Africa,29
2004,Greece,Europe,499
2004,Grenada,Americas,5
2004,Guam,Oceania,4
2004,Guatemala,Americas,19
2004,Guinea,Africa,4
2004,Guinea-Bissau,Africa,3
2004,Guyana,Americas,4
2004,Haiti,Americas,8
2004,Honduras,Americas,5
2004,Hungary,Europe,258
2004,Iceland,Europe,34
2004,India,Asia,81
2004,Indonesia,Asia,39
1988,Trinidad,Americas,10
2004,Iraq,Asia,24
2004,Ireland,Europe,55
2004,Israel,Asia,46
2004,Italy,Europe,474
1992,Trinidad,Americas,13
2004,Jamaica,Americas,62
2004,Japan,Asia,414
2004,Jordan,Asia,8
2004,Kazakhstan,Asia,130
2004,Kenya,Africa,46
2004,Kiribati,Oceania,3
2004,Kuwait,Asia,11
2004,Kyrgyzstan,Asia,32
1996,Trinidad,Americas,16
2004,Latvia,Europe,45
2004,Lebanon,Asia,5
2004,Lesotho,Africa,3
2004,Liberia,Africa,2
2004,Libya,Africa,8
2004,Liechtenstein,Europe,1
2004,Lithuania,Europe,70
2004,Luxembourg,Europe,14
2000,Trinidad,Americas,29
2004,Madagascar,Africa,8
2004,Malawi,Africa,4
2004,Malaysia,Asia,38
2004,Maldives,Asia,4
2004,Mali,Africa,21
2004,Malta,Europe,7
2004,Mauritania,Africa,2
2004,Mauritius,Africa,9
2004,Mexico,Americas,137
2004,Trinidad,Americas,26
2008,Trinidad,Americas,35
2004,Monaco,Europe,3
2004,Mongolia,Asia,21
2004,Morocco,Africa,57
2004,Mozambique,Africa,4
2004,Myanmar,Asia,2
2004,Namibia,Africa,10
2004,Nauru,Oceania,3
2004,Nepal,Asia,6
2004,Netherlands,Europe,264
2004,New Zealand,Oceania,184
2004,Nicaragua,Americas,6
2004,Niger,Africa,4
2004,Nigeria,Africa,79
2012,Trinidad,Americas,38
2004,Norway,Europe,60
2004,Oman,Asia,2
2004,Pakistan,Asia,26
2004,Palau,Oceania,4
2016,Trinidad,Americas,43
2004,Panama,Americas,5
2004,Papua New Guinea,Oceania,6
2004,Paraguay,Americas,22
2004,Peru,Americas,14
2004,Philippines,Asia,21
2004,Poland,Europe,224
2004,Portugal,Europe,93
2004,Puerto Rico,Americas,52
2004,Qatar,Asia,15
1896,UK,Europe,25
2004,Romania,Europe,193
1900,UK,Europe,146
2004,Rwanda,Africa,5
1904,UK,Europe,6
2004,Saint Lucia,Americas,2
1908,UK,Europe,972
2004,Samoa,Oceania,3
2004,San Marino,Europe,5
2004,Sao Tome and Principe,Africa,2
2004,Saudi Arabia,Asia,16
2004,Senegal,Africa,21
2004,Serbia,Europe,96
2004,Seychelles,Africa,10
2004,Sierra Leone,Africa,2
2004,Singapore,Asia,22
2004,Slovakia,Europe,84
2004,Slovenia,Europe,102
2004,Solomon Islands,Oceania,2
2004,Somalia,Africa,2
2004,South Africa,Africa,128
1912,UK,Europe,461
2004,Spain,Europe,423
2004,Sri Lanka,Asia,8
2004,Sudan,Africa,4
2004,Suriname,Americas,4
2004,Swaziland,Africa,3
2004,Sweden,Europe,157
2004,Switzerland,Europe,138
1920,UK,Europe,345
1924,UK,Europe,428
2004,Tajikistan,Asia,9
1928,UK,Europe,354
2004,Thailand,Asia,51
2004,Timor-Leste,Asia,2
2004,Togo,Africa,3
2004,Tonga,Oceania,5
1932,UK,Europe,170
2004,Tunisia,Africa,64
2004,Turkey,Asia,74
2004,Turkmenistan,Asia,10
1936,UK,Europe,250
1948,UK,Europe,590
2004,Uganda,Africa,11
2004,Ukraine,Europe,357
2004,United Arab Emirates,Asia,5
2004,Uruguay,Americas,18
2004,Uzbekistan,Asia,79
2004,Vanuatu,Oceania,2
1952,UK,Europe,401
1956,UK,Europe,283
1960,UK,Europe,389
2004,Yemen,Asia,3
2004,Zambia,Africa,6
2004,Zimbabwe,Africa,14
2008,Afghanistan,Asia,4
2008,Albania,Europe,12
2008,Algeria,Africa,57
2008,American Samoa,Oceania,4
2008,Andorra,Europe,5
2008,Angola,Africa,33
1964,UK,Europe,301
2008,Argentina,Americas,145
2008,Armenia,Asia,26
2008,Aruba,Americas,2
2008,Australia,Oceania,570
2008,Austria,Europe,93
2008,Azerbaijan,Asia,44
2008,Bahamas,Americas,33
2008,Bahrain,Asia,15
2008,Bangladesh,Asia,5
2008,Barbados,Americas,10
2008,Belarus,Europe,237
2008,Belgium,Europe,112
2008,Belize,Americas,4
2008,Benin,Africa,5
2008,Bermuda,Americas,6
2008,Bhutan,Asia,2
1968,UK,Europe,328
2008,Bosnia and Herzegovina,Europe,7
2008,Botswana,Africa,11
2008,Brazil,Americas,338
2008,Bulgaria,Europe,87
2008,Burkina Faso,Africa,6
2008,Burundi,Africa,3
2008,Cambodia,Asia,4
2008,Cameroon,Africa,32
2008,Canada,Americas,449
1972,UK,Europe,433
2008,Cayman Islands,Americas,6
2008,Central African Republic,Africa,3
2008,Chad,Africa,2
2008,Chile,Americas,29
2008,China,Asia,777
2008,Colombia,Americas,90
2008,Comoros,Africa,3
2008,Cook Islands,Oceania,4
2008,Costa Rica,Americas,8
2008,Croatia,Europe,125
2008,Cuba,Americas,171
1976,UK,Europe,353
2008,Cyprus,Asia,18
2008,Czech Republic,Europe,158
1980,UK,Europe,328
2008,Denmark,Europe,108
2008,Djibouti,Africa,2
2008,Dominica,Americas,2
2008,Dominican Republic,Americas,27
2008,Ecuador,Americas,26
2008,Egypt,Africa,116
2008,El Salvador,Americas,14
2008,Equatorial Guinea,Africa,3
2008,Eritrea,Africa,11
2008,Estonia,Europe,53
2008,Ethiopia,Africa,29
2008,Fiji,Oceania,6
2008,Finland,Europe,70
2008,France,Europe,448
2008,Gabon,Africa,4
2008,Gambia,Africa,3
2008,Georgia,Asia,38
2008,Germany,Europe,558
2008,Ghana,Africa,9
2008,Greece,Europe,176
2008,Grenada,Americas,9
2008,Guam,Oceania,7
2008,Guatemala,Americas,13
2008,Guinea,Africa,5
2008,Guinea-Bissau,Africa,3
2008,Guyana,Americas,4
2008,Haiti,Americas,7
2008,Honduras,Americas,26
2008,Hungary,Europe,216
2008,Iceland,Europe,31
2008,India,Asia,67
2008,Indonesia,Asia,26
1984,UK,Europe,509
2008,Iraq,Asia,4
2008,Ireland,Europe,63
2008,Israel,Asia,60
2008,Italy,Europe,459
1988,UK,Europe,472
2008,Jamaica,Americas,66
2008,Japan,Asia,457
2008,Jordan,Asia,7
2008,Kazakhstan,Asia,146
2008,Kenya,Africa,47
2008,Kiribati,Oceania,2
2008,Kuwait,Asia,8
2008,Kyrgyzstan,Asia,22
1992,UK,Europe,512
2008,Latvia,Europe,53
2008,Lebanon,Asia,6
2008,Lesotho,Africa,5
2008,Liberia,Africa,4
2008,Libya,Africa,6
2008,Liechtenstein,Europe,2
2008,Lithuania,Europe,78
2008,Luxembourg,Europe,19
1996,UK,Europe,391
2008,Madagascar,Africa,6
2008,Malawi,Africa,4
2008,Malaysia,Asia,42
2008,Maldives,Asia,4
2008,Mali,Africa,17
2008,Malta,Europe,6
2008,Marshall Islands,Oceania,5
2008,Mauritania,Africa,2
2008,Mauritius,Africa,11
2008,Mexico,Americas,103
2000,UK,Europe,415
2004,UK,Europe,360
2008,Monaco,Europe,5
2008,Mongolia,Asia,31
2008,Montenegro,Europe,20
2008,Morocco,Africa,49
2008,Mozambique,Africa,4
2008,Myanmar,Asia,7
2008,Namibia,Africa,11
2008,Nauru,Oceania,1
2008,Nepal,Asia,8
2008,Netherlands,Europe,283
2008,New Zealand,Oceania,201
2008,Nicaragua,Americas,7
2008,Niger,Africa,4
2008,Nigeria,Africa,89
2008,UK,Europe,420
2008,Norway,Europe,102
2008,Oman,Asia,4
2008,Pakistan,Asia,22
2008,Palau,Oceania,5
2012,UK,Europe,684
2008,Panama,Americas,5
2008,Papua New Guinea,Oceania,9
2008,Paraguay,Americas,7
2008,Peru,Americas,13
2008,Philippines,Asia,17
2008,Poland,Europe,316
2008,Portugal,Europe,87
2008,Puerto Rico,Americas,31
2008,Qatar,Asia,20
2016,UK,Europe,478
2008,Romania,Europe,172
1896,USA,Americas,27
2008,Rwanda,Africa,4
1900,USA,Americas,135
2008,Saint Lucia,Americas,4
1904,USA,Americas,1109
2008,Samoa,Oceania,7
2008,San Marino,Europe,4
2008,Sao Tome and Principe,Africa,4
2008,Saudi Arabia,Asia,18
2008,Senegal,Africa,17
2008,Serbia,Europe,97
2008,Seychelles,Africa,10
2008,Sierra Leone,Africa,3
2008,Singapore,Asia,36
2008,Slovakia,Europe,67
2008,Slovenia,Europe,73
2008,Solomon Islands,Oceania,3
2008,Somalia,Africa,2
2008,South Africa,Africa,179
1908,USA,Americas,219
2008,Spain,Europe,355
2008,Sri Lanka,Asia,9
2008,Sudan,Africa,9
2008,Suriname,Americas,4
2008,Swaziland,Africa,4
2008,Sweden,Europe,169
2008,Switzerland,Europe,116
1912,USA,Americas,364
1920,USA,Americas,473
2008,Tajikistan,Asia,16
1924,USA,Americas,459
2008,Thailand,Asia,53
2008,Timor-Leste,Asia,1
2008,Togo,Africa,4
2008,Tonga,Oceania,3
1928,USA,Americas,426
2008,Tunisia,Africa,29
2008,Turkey,Asia,71
2008,Turkmenistan,Asia,10
2008,Tuvalu,Oceania,3
1932,USA,Americas,743
1936,USA,Americas,487
2008,Uganda,Africa,11
2008,Ukraine,Europe,327
2008,United Arab Emirates,Asia,9
2008,Uruguay,Americas,13
2008,Uzbekistan,Asia,69
2008,Vanuatu,Oceania,3
1948,USA,Americas,424
1952,USA,Americas,451
1956,USA,Americas,443
2008,Yemen,Asia,8
2008,Zambia,Africa,8
2008,Zimbabwe,Africa,16
2012,Afghanistan,Asia,6
2012,Albania,Europe,10
2012,Algeria,Africa,39
2012,American Samoa,Oceania,4
2012,Andorra,Europe,6
2012,Angola,Africa,35
1960,USA,Americas,428
2012,Argentina,Americas,148
2012,Armenia,Asia,31
2012,Aruba,Americas,4
2012,Australia,Oceania,514
2012,Austria,Europe,90
2012,Azerbaijan,Asia,59
2012,Bahamas,Americas,29
2012,Bahrain,Asia,14
2012,Bangladesh,Asia,7
2012,Barbados,Americas,8
2012,Belarus,Europe,185
2012,Belgium,Europe,142
2012,Belize,Americas,3
2012,Benin,Africa,5
2012,Bermuda,Americas,8
2012,Bhutan,Asia,2
1964,USA,Americas,492
2012,Bosnia and Herzegovina,Europe,8
2012,Botswana,Africa,4
2012,Brazil,Americas,306
1968,USA,Americas,535
2012,Bulgaria,Europe,75
2012,Burkina Faso,Africa,5
2012,Burundi,Africa,6
2012,Cambodia,Asia,6
2012,Cameroon,Africa,32
2012,Canada,Americas,354
1972,USA,Americas,594
2012,Cayman Islands,Americas,7
2012,Central African Republic,Africa,6
2012,Chad,Africa,2
2012,Chile,Americas,44
2012,China,Asia,534
2012,Colombia,Americas,120
2012,Comoros,Africa,3
2012,Cook Islands,Oceania,9
2012,Costa Rica,Americas,11
2012,Croatia,Europe,118
2012,Cuba,Americas,118
2012,Cyprus,Asia,13
2012,Czech Republic,Europe,159
1976,USA,Americas,580
2012,Denmark,Europe,149
2012,Djibouti,Africa,4
2012,Dominica,Americas,2
2012,Dominican Republic,Americas,36
2012,Ecuador,Americas,36
2012,Egypt,Africa,132
2012,El Salvador,Americas,11
2012,Equatorial Guinea,Africa,2
2012,Eritrea,Africa,12
2012,Estonia,Europe,36
2012,Ethiopia,Africa,34
2012,Fiji,Oceania,9
2012,Finland,Europe,69
2012,France,Europe,426
2012,Gabon,Africa,21
2012,Gambia,Africa,2
2012,Georgia,Asia,36
2012,Germany,Europe,510
2012,Ghana,Africa,7
2012,Greece,Europe,115
2012,Grenada,Americas,8
2012,Guam,Oceania,8
2012,Guatemala,Americas,24
2012,Guinea,Africa,4
2012,Guinea-Bissau,Africa,4
2012,Guyana,Americas,6
2012,Haiti,Americas,5
2012,Honduras,Americas,25
2012,Hungary,Europe,201
2012,Iceland,Europe,36
2012,India,Asia,95
1984,USA,Americas,745
2012,Indonesia,Asia,22
1988,USA,Americas,761
2012,Iraq,Asia,8
2012,Ireland,Europe,76
2012,Israel,Asia,56
2012,Italy,Europe,382
1992,USA,Americas,768
2012,Jamaica,Americas,62
2012,Japan,Asia,399
2012,Jordan,Asia,9
2012,Kazakhstan,Asia,132
2012,Kenya,Africa,51
2012,Kiribati,Oceania,3
2012,Kuwait,Asia,12
2012,Kyrgyzstan,Asia,15
1996,USA,Americas,853
2012,Latvia,Europe,50
2012,Lebanon,Asia,10
2012,Lesotho,Africa,4
2012,Liberia,Africa,3
2012,Libya,Africa,4
2012,Liechtenstein,Europe,4
2012,Lithuania,Europe,72
2012,Luxembourg,Europe,11
2000,USA,Americas,776
2012,Madagascar,Africa,7
2012,Malawi,Africa,3
2012,Malaysia,Asia,38
2012,Maldives,Asia,5
2012,Mali,Africa,6
2012,Malta,Europe,5
2012,Marshall Islands,Oceania,4
2012,Mauritania,Africa,2
2012,Mauritius,Africa,11
2012,Mexico,Americas,119
2004,USA,Americas,735
2008,USA,Americas,771
2012,Monaco,Europe,6
2012,Mongolia,Asia,32
2012,Montenegro,Europe,34
2012,Morocco,Africa,67
2012,Mozambique,Africa,6
2012,Myanmar,Asia,6
2012,Namibia,Africa,9
2012,Nauru,Oceania,2
2012,Nepal,Asia,5
2012,Netherlands,Europe,222
2012,New Zealand,Oceania,204
2012,Nicaragua,Americas,6
2012,Niger,Africa,6
2012,Nigeria,Africa,58
2012,USA,Americas,698
2012,Norway,Europe,69
2012,Oman,Asia,3
2012,Pakistan,Asia,21
2012,Palau,Oceania,5
2016,USA,Americas,726
2012,Panama,Americas,8
2012,Papua New Guinea,Oceania,8
2012,Paraguay,Americas,10
2012,Peru,Americas,16
2012,Philippines,Asia,11
2012,Poland,Europe,256
2012,Portugal,Europe,98
2012,Puerto Rico,Americas,28
2012,Qatar,Asia,14
1932,Venezuela,Americas,1
2012,Romania,Europe,155
1948,Venezuela,Americas,2
2012,Rwanda,Africa,7
1952,Venezuela,Americas,63
2012,Saint Lucia,Americas,4
1956,Venezuela,Americas,38
2012,Samoa,Oceania,9
2012,San Marino,Europe,4
2012,Sao Tome and Principe,Africa,2
2012,Saudi Arabia,Asia,23
2012,Senegal,Africa,32
2012,Serbia,Europe,134
2012,Seychelles,Africa,6
2012,Sierra Leone,Africa,2
2012,Singapore,Asia,36
2012,Slovakia,Europe,65
2012,Slovenia,Europe,78
2012,Solomon Islands,Oceania,4
2012,Somalia,Africa,2
2012,South Africa,Africa,145
1960,Venezuela,Americas,54
2012,Spain,Europe,339
2012,Sri Lanka,Asia,8
2012,Sudan,Africa,6
2012,Suriname,Americas,5
2012,Swaziland,Africa,3
2012,Sweden,Europe,168
2012,Switzerland,Europe,126
1964,Venezuela,Americas,23
1968,Venezuela,Americas,30
2012,Tajikistan,Asia,16
1972,Venezuela,Americas,33
2012,Thailand,Asia,43
2012,Timor-Leste,Asia,2
2012,Togo,Africa,6
2012,Tonga,Oceania,3
1976,Venezuela,Americas,56
2012,Tunisia,Africa,87
2012,Turkey,Asia,119
2012,Turkmenistan,Asia,10
2012,Tuvalu,Oceania,3
1980,Venezuela,Americas,43
1984,Venezuela,Americas,44
2012,Uganda,Africa,16
2012,Ukraine,Europe,304
2012,United Arab Emirates,Asia,26
2012,Uruguay,Americas,27
2012,Uzbekistan,Asia,56
2012,Vanuatu,Oceania,5
1988,Venezuela,Americas,17
1992,Venezuela,Americas,27
1996,Venezuela,Americas,53
2012,Yemen,Asia,4
2012,Zambia,Africa,7
2012,Zimbabwe,Africa,9
2016,Afghanistan,Asia,3
2016,Albania,Europe,6
2016,Algeria,Africa,74
2016,American Samoa,Oceania,4
2016,Andorra,Europe,4
2016,Angola,Africa,26
2000,Venezuela,Americas,65
2016,Argentina,Americas,232
2016,Armenia,Asia,34
2016,Aruba,Americas,7
2016,Australia,Oceania,518
2016,Austria,Europe,85
2016,Azerbaijan,Asia,69
2016,Bahamas,Americas,38
2016,Bahrain,Asia,33
2016,Bangladesh,Asia,7
2016,Barbados,Americas,13
2016,Belarus,Europe,142
2016,Belgium,Europe,138
2016,Belize,Americas,3
2016,Benin,Africa,6
2016,Bermuda,Americas,8
2016,Bhutan,Asia,2
2004,Venezuela,Americas,53
2016,Bosnia and Herzegovina,Europe,11
2016,Botswana,Africa,14
2016,Brazil,Americas,583
2008,Venezuela,Americas,126
2016,Bulgaria,Europe,58
2016,Burkina Faso,Africa,5
2016,Burundi,Africa,10
2016,Cambodia,Asia,6
2016,Cameroon,Africa,22
2016,Canada,Americas,405
2012,Venezuela,Americas,85
2016,Cayman Islands,Americas,5
2016,Central African Republic,Africa,6
2016,Chad,Africa,2
2016,Chile,Americas,47
2016,China,Asia,546
2016,Colombia,Americas,157
2016,Comoros,Africa,4
2016,Cook Islands,Oceania,9
2016,Costa Rica,Americas,12
2016,Croatia,Europe,93
2016,Cuba,Americas,143
2016,Cyprus,Asia,21
2016,Czech Republic,Europe,135
2016,Venezuela,Americas,105
2016,Denmark,Europe,143
2016,Djibouti,Africa,8
2016,Dominica,Americas,2
2016,Dominican Republic,Americas,30
2016,Ecuador,Americas,40
2016,Egypt,Africa,137
2016,El Salvador,Americas,10
2016,Equatorial Guinea,Africa,1
2016,Eritrea,Africa,12
2016,Estonia,Europe,49
2016,Ethiopia,Africa,38
2016,Fiji,Oceania,53
2016,Finland,Europe,67
2016,France,Europe,512
2016,Gabon,Africa,6
2016,Gambia,Africa,4
2016,Georgia,Asia,45
2016,Germany,Europe,536
2016,Ghana,Africa,15
2016,Greece,Europe,104
2016,Grenada,Americas,6
2016,Guam,Oceania,5
2016,Guatemala,Americas,25
2016,Guinea,Africa,5
2016,Guinea-Bissau,Africa,5
2016,Guyana,Americas,7
2016,Haiti,Americas,10
2016,Honduras,Americas,23
2016,Hungary,Europe,204
2016,Iceland,Europe,14
2016,India,Asia,130
1952,Vietnam,Asia,13
2016,Indonesia,Asia,31
1956,Vietnam,Asia,10
2016,Iraq,Asia,20
2016,Ireland,Europe,93
2016,Israel,Asia,59
2016,Italy,Europe,399
1960,Vietnam,Asia,5
2016,Jamaica,Americas,77
2016,Japan,Asia,436
2016,Jordan,Asia,8
2016,Kazakhstan,Asia,123
2016,Kenya,Africa,80
2016,Kiribati,Oceania,3
1964,Vietnam,Asia,23
2016,Kyrgyzstan,Asia,19
1968,Vietnam,Asia,9
2016,Latvia,Europe,33
2016,Lebanon,Asia,9
2016,Lesotho,Africa,9
2016,Liberia,Africa,3
2016,Libya,Africa,7
2016,Liechtenstein,Europe,3
2016,Lithuania,Europe,80
2016,Luxembourg,Europe,15
1972,Vietnam,Asia,2
2016,Madagascar,Africa,6
2016,Malawi,Africa,5
2016,Malaysia,Asia,42
2016,Maldives,Asia,4
2016,Mali,Africa,6
2016,Malta,Europe,8
2016,Marshall Islands,Oceania,5
2016,Mauritania,Africa,2
2016,Mauritius,Africa,11
2016,Mexico,Americas,139
1980,Vietnam,Asia,38
1988,Vietnam,Asia,12
2016,Monaco,Europe,8
2016,Mongolia,Asia,46
2016,Montenegro,Europe,35
2016,Morocco,Africa,52
2016,Mozambique,Africa,8
2016,Myanmar,Asia,8
2016,Namibia,Africa,11
2016,Nauru,Oceania,2
2016,Nepal,Asia,7
2016,Netherlands,Europe,329
2016,New Zealand,Oceania,232
2016,Nicaragua,Americas,5
2016,Niger,Africa,6
2016,Nigeria,Africa,77
1992,Vietnam,Asia,10
2016,Norway,Europe,77
2016,Oman,Asia,4
2016,Pakistan,Asia,7
2016,Palau,Oceania,6
1996,Vietnam,Asia,6
2016,Panama,Americas,14
2016,Papua New Guinea,Oceania,8
2016,Paraguay,Americas,11
2016,Peru,Americas,34
2016,Philippines,Asia,13
2016,Poland,Europe,289
2016,Portugal,Europe,106
2016,Puerto Rico,Americas,41
2016,Qatar,Asia,42
2000,Vietnam,Asia,7
2016,Romania,Europe,121
2004,Vietnam,Asia,11
2016,Rwanda,Africa,7
2008,Vietnam,Asia,18
2016,Saint Lucia,Americas,5
2012,Vietnam,Asia,24
2016,Samoa,Oceania,9
2016,San Marino,Europe,4
2016,Sao Tome and Principe,Africa,3
2016,Saudi Arabia,Asia,11
2016,Senegal,Africa,22
2016,Serbia,Europe,127
2016,Seychelles,Africa,10
2016,Sierra Leone,Africa,4
2016,Singapore,Asia,32
2016,Slovakia,Europe,63
2016,Slovenia,Europe,70
2016,Solomon Islands,Oceania,3
2016,Somalia,Africa,2
2016,South Africa,Africa,155
2016,Vietnam,Asia,28
2016,South Sudan,Africa,3
2016,Spain,Europe,363
2016,Sri Lanka,Asia,10
2016,Sudan,Africa,6
2016,Suriname,Americas,6
2016,Swaziland,Africa,2
2016,Sweden,Europe,186
2016,Switzerland,Europe,152
1984,"Virgin Islands, British",Americas,13
1988,"Virgin Islands, British",Americas,4
2016,Tajikistan,Asia,7
1992,"Virgin Islands, British",Americas,4
2016,Thailand,Asia,58
2016,Timor-Leste,Asia,3
2016,Togo,Africa,5
2016,Tonga,Oceania,7
1996,"Virgin Islands, British",Americas,11
2016,Tunisia,Africa,65
2016,Turkey,Asia,119
2016,Turkmenistan,Asia,9
2016,Tuvalu,Oceania,1
2000,"Virgin Islands, British",Americas,1
2004,"Virgin Islands, British",Americas,1
2016,Uganda,Africa,23
2016,Ukraine,Europe,272
2016,United Arab Emirates,Asia,12
2016,Uruguay,Americas,17
2016,Uzbekistan,Asia,80
2016,Vanuatu,Oceania,4
2008,"Virgin Islands, British",Americas,2
2012,"Virgin Islands, British",Americas,2
2016,"Virgin Islands, British",Americas,4
2016,Yemen,Asia,3
2016,Zambia,Africa,7
2016,Zimbabwe,Africa,31
